"config","n","box","reps","nll_median","d_nll_median","d_nll_q95","kl0_median","d_kl0_median","d_kl0_q95","delta_median","pct_delta_up","pct_w_bound","pct_sigma_lo","pct_start_err","pct_fallback","ms_per_fit"
"S1 near-Gaussian symmetric",20,"d_max=30                             ",500,27.2464657087344,0.0447760103510824,0.114553661772483,0.115421960565639,-0.00319497027519673,0.831922693416578,30,74.4,16.4,0,0,0,4.11905097961426
"S1 near-Gaussian symmetric",20,"d_max=500                            ",500,27.1908086771315,-0.0146435950968602,0.0394355071924211,0.127513339150433,0.00183514688244119,1.10626612393728,500,72.8,17.2,0,0,0,5.25816965103149
"S1 near-Gaussian symmetric",20,"d_min=0.2                            ",500,27.2086987452777,0,2.2703954272174e-10,0.122844496246656,0,9.32777185517345e-07,100,74,16.6,0,0,0,4.65106678009033
"S1 near-Gaussian symmetric",20,"shipped:  w[.05,.95] d[.5,100] s>1e-6",500,27.2086987452777,0,0,0.122844496246656,0,0,100,74,16.6,0,0,0,4.59636926651001
"S1 near-Gaussian symmetric",20,"sigma > 1e-3                         ",500,27.2170070664404,0,2.94083477569984e-09,0.122844585622133,0,2.06496205777784e-05,100,74,16.8,0,0,0,4.65617656707764
"S1 near-Gaussian symmetric",20,"w[.01,.99]                           ",500,27.123756780009,-1.07167608121017e-11,0.521649481329355,0.122270092424438,8.94225557668445e-08,7.42854184466351,100,73.6,16.6,0,0,0,5.02065515518188
"S1 near-Gaussian symmetric",50,"d_max=30                             ",500,70.7848046373167,0.0613579021880994,0.228989768521772,0.0325273520291268,-0.000407052189574538,0.0239680336904375,30,66.6,0.4,0,0,0,5.45336675643921
"S1 near-Gaussian symmetric",50,"d_max=500                            ",500,70.6872449872803,-0.016529560515707,0.077980345831962,0.034999168083756,0.000328369886831664,0.0138100822187947,500,62,0.4,0,0,0,6.94172096252441
"S1 near-Gaussian symmetric",50,"d_min=0.2                            ",500,70.7065610753996,0,4.53143300660485e-10,0.0345318089104357,0,2.83559670754754e-07,100,63,0.6,0,0,0,6.16318082809448
"S1 near-Gaussian symmetric",50,"shipped:  w[.05,.95] d[.5,100] s>1e-6",500,70.7065610753996,0,0,0.0345318253306172,0,0,100,63,0.6,0,0,0,6.1164984703064
"S1 near-Gaussian symmetric",50,"sigma > 1e-3                         ",500,70.7065610752677,0,5.93365285794789e-09,0.0345318253306172,0,4.95154348539722e-06,100,63,0.4,0,0,0,6.12560987472534
"S1 near-Gaussian symmetric",50,"w[.01,.99]                           ",500,70.7065610754934,-4.76774175695027e-12,8.61756817016609e-09,0.0345316852419218,1.8445849422552e-09,6.02954748507019e-06,100,63,0.6,0,0,0,6.14726495742798
"S1 near-Gaussian symmetric",100,"d_max=30                             ",500,142.893308731654,0.0548713547860018,0.378566329580332,0.0142223508079152,-0.000199101989631225,0.00492780987189799,30,64,0,0,0,0,7.8262939453125
"S1 near-Gaussian symmetric",100,"d_max=500                            ",500,142.680191481227,-0.00657054510946864,0.124391042877548,0.0149407521949778,0.000176292232859507,0.00262612425585484,500,52,0,0,0,0,10.06214427948
"S1 near-Gaussian symmetric",100,"d_min=0.2                            ",500,142.716414824639,0,1.73031367012299e-09,0.0147536195092066,0,3.11627556113992e-07,100,55.6,0,0,0,0,8.90402317047119
"S1 near-Gaussian symmetric",100,"shipped:  w[.05,.95] d[.5,100] s>1e-6",500,142.716414824639,0,0,0.0147536195092066,0,0,100,55.6,0,0,0,0,9.05993223190308
"S1 near-Gaussian symmetric",100,"sigma > 1e-3                         ",500,142.716414825261,0,8.26767205808209e-09,0.0147530294126788,0,1.3158123392321e-06,100,55.6,0,0,0,0,8.89344787597656
"S1 near-Gaussian symmetric",100,"w[.01,.99]                           ",500,142.716414824966,-7.7733375292155e-12,1.83934275810316e-08,0.0147534238453899,6.26261732034582e-09,1.85119950082942e-06,100,55.6,0,0,0,0,8.91028547286987
"S1 near-Gaussian symmetric",400,"d_max=30                             ",500,578.958709750891,0.0197497974589851,0.724920785083611,0.00339501637893899,-6.74337929335361e-05,0.00104707450504794,30,57,0,0,0,0,22.685601234436
"S1 near-Gaussian symmetric",400,"d_max=500                            ",500,578.728260896372,0,0.195969722884609,0.00377804089808646,0,0.00064004644429286,41.0217369965918,30,0,0,0,0,28.1068291664124
"S1 near-Gaussian symmetric",400,"d_min=0.2                            ",500,578.747384355718,0,2.37561664562235e-08,0.00359088999277631,0,4.67941748205852e-07,41.0218125485515,34.8,0,0,0,0,25.9942631721497
"S1 near-Gaussian symmetric",400,"shipped:  w[.05,.95] d[.5,100] s>1e-6",500,578.747384357796,0,0,0.00359068449672159,0,0,41.0217369965918,34.8,0,0,0,0,25.7171564102173
"S1 near-Gaussian symmetric",400,"sigma > 1e-3                         ",500,578.74738435873,0,4.42126406596799e-08,0.00359068604741448,0,6.56761770735572e-07,41.0229168172171,34.8,0,0,0,0,25.7879700660706
"S1 near-Gaussian symmetric",400,"w[.01,.99]                           ",500,578.747384345043,-6.30961949354969e-12,6.64242179482243e-08,0.00359026171644953,4.34212718558591e-09,1.04455969192841e-06,41.0221673656401,34.8,0,0,0,0,25.7498860359192
"S2 symmetric heavy tail",20,"d_max=30                             ",500,36.6416583258417,0,0.0769724156316684,0.157321154317862,0,0.948614546113085,2.62514847181102,22,11.6,0,0,0,3.84899759292603
"S2 symmetric heavy tail",20,"d_max=500                            ",500,36.6416583258417,0,0.0255110477814402,0.157321154317862,0,1.63197639675039,2.62514847181102,20,11.6,0,0,0,4.43991184234619
"S2 symmetric heavy tail",20,"d_min=0.2                            ",500,36.6416583312813,0,1.92243270191738e-09,0.157320141960848,0,6.07402548149643e-06,2.62514989654639,20.6,11.6,0,0,0,4.04317903518677
"S2 symmetric heavy tail",20,"shipped:  w[.05,.95] d[.5,100] s>1e-6",500,36.6416583258417,0,0,0.157321154317862,0,0,2.62514847181102,20.6,11.6,0,0,0,4.20335006713867
"S2 symmetric heavy tail",20,"sigma > 1e-3                         ",500,36.6416583258603,0,1.28861845638539e-09,0.157320096429132,0,2.01296721896796e-05,2.62514847181102,20.6,11.8,0,0,0,4.02807331085205
"S2 symmetric heavy tail",20,"w[.01,.99]                           ",500,36.5614518853457,-1.13686837721616e-11,0.569425890452858,0.164426063306118,1.18757349568815e-07,1.97845871418053,2.63858662608032,20.6,13.4,0,0,0,4.18663597106934
"S2 symmetric heavy tail",50,"d_max=30                             ",500,95.5706056504424,0,0,0.0426524402738484,0,0,2.26116082041966,2.6,0.2,0,0,0,4.72930526733398
"S2 symmetric heavy tail",50,"d_max=500                            ",500,95.5706056504424,0,0,0.0426524402738484,0,0,2.26116082041966,1.8,0.2,0,0,0,4.79189968109131
"S2 symmetric heavy tail",50,"d_min=0.2                            ",500,95.5706056478639,0,5.1822325985995e-09,0.0426525197063607,0,2.66292730070686e-06,2.26116706774637,1.8,0.2,0,0,0,4.8038854598999
"S2 symmetric heavy tail",50,"shipped:  w[.05,.95] d[.5,100] s>1e-6",500,95.5706056504424,0,0,0.0426524402738484,0,0,2.26116082041966,1.8,0.2,0,0,0,4.76133108139038
"S2 symmetric heavy tail",50,"sigma > 1e-3                         ",500,95.5706056489707,0,3.75197686253159e-09,0.0426524402738484,0,3.71240121879793e-06,2.26116082041966,1.8,0.2,0,0,0,4.75682783126831
"S2 symmetric heavy tail",50,"w[.01,.99]                           ",500,95.5706056470725,3.45323769579409e-12,8.08222040404869e-09,0.0426521090757961,5.04692766658404e-09,7.82549374487573e-06,2.26117386255224,1.8,0.2,0,0,0,4.7204794883728
"S2 symmetric heavy tail",100,"d_max=30                             ",500,193.417952445638,0,0,0.0177713762711707,0,0,2.12158562970168,0,0,0,0,0,6.78500604629517
"S2 symmetric heavy tail",100,"d_max=500                            ",500,193.417952445638,0,0,0.0177713762711707,0,0,2.12158562970168,0,0,0,0,0,6.51616382598877
"S2 symmetric heavy tail",100,"d_min=0.2                            ",500,193.417952445619,0,6.98844502267092e-09,0.0177711918807821,0,1.82867223234972e-06,2.12159095976681,0,0,0,0,0,6.48113775253296
"S2 symmetric heavy tail",100,"shipped:  w[.05,.95] d[.5,100] s>1e-6",500,193.417952445638,0,0,0.0177713762711707,0,0,2.12158562970168,0,0,0,0,0,6.49962949752808
"S2 symmetric heavy tail",100,"sigma > 1e-3                         ",500,193.417952445638,0,4.27744595299373e-09,0.0177712955725334,0,1.13465764558524e-06,2.12159113535327,0,0,0,0,0,6.54409742355347
"S2 symmetric heavy tail",100,"w[.01,.99]                           ",500,193.417952445529,-1.87583282240666e-12,7.8821997817613e-09,0.0177707843010996,-2.37763748576689e-09,2.07994443579282e-06,2.12159583183063,0,0,0,0,0,6.5340723991394
"S2 symmetric heavy tail",400,"d_max=30                             ",500,782.867705807669,0,0,0.00428492542093006,0,0,1.99238490492216,0,0,0,0,0,17.7375388145447
"S2 symmetric heavy tail",400,"d_max=500                            ",500,782.867705807669,0,0,0.00428492542093006,0,0,1.99238490492216,0,0,0,0,0,17.7256565093994
"S2 symmetric heavy tail",400,"d_min=0.2                            ",500,782.867705808091,0,3.06566505514638e-08,0.00428506021148037,-1.59826132471903e-10,6.70304323423763e-07,1.99235857146484,0,0,0,0,0,17.7569813728333
"S2 symmetric heavy tail",400,"shipped:  w[.05,.95] d[.5,100] s>1e-6",500,782.867705807669,0,0,0.00428492542093006,0,0,1.99238490492216,0,0,0,0,0,17.770327091217
"S2 symmetric heavy tail",400,"sigma > 1e-3                         ",500,782.867705808087,0,1.18292177830881e-08,0.00428509883331848,0,3.47779395185303e-07,1.99238513259877,0,0,0,0,0,17.7511157989502
"S2 symmetric heavy tail",400,"w[.01,.99]                           ",500,782.867705809751,-6.3664629124105e-12,2.95480276690796e-08,0.00428513102345078,-1.2907872149609e-09,7.74801006565211e-07,1.99237906507344,0,0,0,0,0,17.9635262489319
"S3 skewed moderate tail",20,"d_max=30                             ",500,32.4186305700714,0.0011128312957176,0.103191287226143,0.16726738062519,-0.00600399629158645,0.803160220034757,30,51.8,30.4,0,0,0,4.25491285324097
"S3 skewed moderate tail",20,"d_max=500                            ",500,32.3320385763009,0,0.0346026851764421,0.194817242224422,0,1.10914064953859,49.87962498646,47.8,31.6,0,0,0,5.24955797195435
"S3 skewed moderate tail",20,"d_min=0.2                            ",500,32.3589376099764,0,1.58534021466039e-09,0.188626599618945,0,2.96588346707233e-06,49.87962498646,49,31.4,0,0,0,4.57039737701416
"S3 skewed moderate tail",20,"shipped:  w[.05,.95] d[.5,100] s>1e-6",500,32.3589376099764,0,0,0.188627275806553,0,0,49.87962498646,49,31.4,0,0,0,4.62605762481689
"S3 skewed moderate tail",20,"sigma > 1e-3                         ",500,32.3589376100601,0,6.27718463874771e-09,0.188626391659086,0,2.81700643706695e-05,44.9859394365057,48.8,31.4,0,0,0,4.57610988616943
"S3 skewed moderate tail",20,"w[.01,.99]                           ",500,32.231951658644,-2.18179252442496e-10,0.597388987557839,0.213951284385737,9.4590231104752e-07,6.69024973299677,46.8933545059886,48.6,33.4,0,0,0,4.92195224761963
"S3 skewed moderate tail",50,"d_max=30                             ",500,83.7891900576461,0,0.150797823380358,0.0461798485236764,0,0.0479765982301711,6.76289078910168,26.8,3.8,0,0,0,5.47891139984131
"S3 skewed moderate tail",50,"d_max=500                            ",500,83.7718061860844,0,0.0479050839621088,0.0515311260288335,0,0.0319574135858046,6.76289078910168,21.8,4.2,0,0,0,6.09934616088867
"S3 skewed moderate tail",50,"d_min=0.2                            ",500,83.7718061756395,0,5.82141055360807e-09,0.0507824457715556,0,3.75347845504615e-06,6.76289078910168,23.8,4,0,0,0,5.77720499038696
"S3 skewed moderate tail",50,"shipped:  w[.05,.95] d[.5,100] s>1e-6",500,83.7718061860844,0,0,0.0507830709344416,0,0,6.76289078910168,23.8,4,0,0,0,5.74411582946777
"S3 skewed moderate tail",50,"sigma > 1e-3                         ",500,83.7718061754469,0,1.35500648923426e-08,0.0507785034073381,0,9.09692100976993e-06,6.76279410890535,23.8,4,0,0,0,5.80020713806152
"S3 skewed moderate tail",50,"w[.01,.99]                           ",500,83.7718062632499,-3.62661012331955e-11,4.09608463058915e-07,0.0507806282914687,3.00123983252437e-08,0.000227828533698238,6.78270969188821,23.8,4,0,0,0,5.80894231796265
"S3 skewed moderate tail",100,"d_max=30                             ",500,169.416896655281,0,0.0987911511016136,0.0215820957448467,0,0.0230546090478694,6.02926093347942,13.8,0.2,0,0,0,7.56383848190308
"S3 skewed moderate tail",100,"d_max=500                            ",500,169.416896655281,0,0.0231459372595026,0.0215820957448467,0,0.0136226315027903,6.02926093347942,8,0.2,0,0,0,7.98204231262207
"S3 skewed moderate tail",100,"d_min=0.2                            ",500,169.416896655355,0,1.20426648209104e-08,0.0215821985308111,0,2.4887448638669e-06,6.02924087537728,9.4,0.2,0,0,0,7.81405258178711
"S3 skewed moderate tail",100,"shipped:  w[.05,.95] d[.5,100] s>1e-6",500,169.416896655281,0,0,0.0215820957448467,0,0,6.02926093347942,9.4,0.2,0,0,0,7.74618053436279
"S3 skewed moderate tail",100,"sigma > 1e-3                         ",500,169.416896655603,0,1.4012061910762e-08,0.0215823149621988,0,3.53875251511911e-06,6.0292831982915,9.4,0.2,0,0,0,8.03202962875366
"S3 skewed moderate tail",100,"w[.01,.99]                           ",500,169.416896657801,-1.90993887372315e-11,2.07972220778174e-08,0.021582163213693,-3.45815954101714e-08,6.32292500424552e-06,6.02922423523271,9.4,0.2,0,0,0,7.77936744689941
"S3 skewed moderate tail",400,"d_max=30                             ",500,683.095536218871,0,0,0.0045238935768023,0,0,5.06302182045283,0,0,0,0,0,20.4565286636353
"S3 skewed moderate tail",400,"d_max=500                            ",500,683.095536218871,0,0,0.0045238935768023,0,0,5.06302182045283,0,0,0,0,0,20.4568872451782
"S3 skewed moderate tail",400,"d_min=0.2                            ",500,683.095536219906,0,2.67150028321339e-08,0.00452395195513368,0,8.08302725800605e-07,5.06302182045283,0,0,0,0,0,20.4508013725281
"S3 skewed moderate tail",400,"shipped:  w[.05,.95] d[.5,100] s>1e-6",500,683.095536218871,0,0,0.0045238935768023,0,0,5.06302182045283,0,0,0,0,0,20.4328379631042
"S3 skewed moderate tail",400,"sigma > 1e-3                         ",500,683.095536218871,0,2.62730452504911e-08,0.00452413439284717,0,7.3940176285904e-07,5.06294862423555,0,0,0,0,0,20.4208674430847
"S3 skewed moderate tail",400,"w[.01,.99]                           ",500,683.09553621433,-1.17267973109847e-10,5.36810489393247e-08,0.00452412794640993,8.80002411804241e-09,1.29242112246932e-06,5.06302314314111,0,0,0,0,0,20.4862504005432
"S4 skewed Cauchy tail",20,"d_max=30                             ",500,50.3942173792131,0,2.39026576309697e-10,0.140618803776459,0,1.5568600956618e-06,1.12100049768434,4,23.8,0,0,0,4.27968597412109
"S4 skewed Cauchy tail",20,"d_max=500                            ",500,50.3942173792131,0,0,0.140618803776459,0,0,1.12100049768434,3,23.8,0,0,0,4.61107110977173
"S4 skewed Cauchy tail",20,"d_min=0.2                            ",500,50.3942173791911,0,1.95981488815277e-08,0.141655221980537,0,2.02604692092517e-05,1.1209999190795,3.2,23.2,0,0,0,4.33369636535645
"S4 skewed Cauchy tail",20,"shipped:  w[.05,.95] d[.5,100] s>1e-6",500,50.3942173792131,0,0,0.140618803776459,0,0,1.12100049768434,3.2,23.8,0,0,0,4.28878116607666
"S4 skewed Cauchy tail",20,"sigma > 1e-3                         ",500,50.3942173792131,0,4.94176539689302e-09,0.140618803776459,0,9.05800170740017e-06,1.12100049768434,3.2,23.6,0,0,0,4.60990953445435
"S4 skewed Cauchy tail",20,"w[.01,.99]                           ",500,50.2572136274434,-1.18074439114935e-10,0.712943188826932,0.173473804057267,7.22671579085621e-07,0.605939554484933,1.15285624638723,2.8,30.2,0,0,0,4.91756534576416
"S4 skewed Cauchy tail",50,"d_max=30                             ",500,132.052731019382,0,0,0.0378417798801932,0,0,0.996809086432318,0,1.2,0,0,0,5.13044261932373
"S4 skewed Cauchy tail",50,"d_max=500                            ",500,132.052731019382,0,0,0.0378417798801932,0,0,0.996809086432318,0,1.2,0,0,0,5.13944530487061
"S4 skewed Cauchy tail",50,"d_min=0.2                            ",500,132.05273102232,0,1.36208520018499e-08,0.0376294908270243,-1.31097029915789e-08,4.46474667432535e-06,0.996805369671572,0,1,0,0,0,5.15186357498169
"S4 skewed Cauchy tail",50,"shipped:  w[.05,.95] d[.5,100] s>1e-6",500,132.052731019382,0,0,0.0378417798801932,0,0,0.996809086432318,0,1.2,0,0,0,5.15238761901855
"S4 skewed Cauchy tail",50,"sigma > 1e-3                         ",500,132.05273101925,0,4.70823380283034e-09,0.0378417798801932,0,2.0173191722192e-06,0.9968106445233,0,1.2,0,0,0,5.13589382171631
"S4 skewed Cauchy tail",50,"w[.01,.99]                           ",500,132.052731017442,-5.11590769747272e-13,2.00999224375663e-08,0.037629305185722,1.72932190030568e-08,7.23067343107592e-06,0.99705098673577,0,1.4,0,0,0,5.39203214645386
"S4 skewed Cauchy tail",100,"d_max=30                             ",500,266.610408937126,0,0,0.0175896325040615,0,0,0.978775098837923,0,0,0,0,0,7.35067701339722
"S4 skewed Cauchy tail",100,"d_max=500                            ",500,266.610408937126,0,0,0.0175896325040615,0,0,0.978775098837923,0,0,0,0,0,7.34814739227295
"S4 skewed Cauchy tail",100,"d_min=0.2                            ",500,266.610408937094,-5.85487214266323e-11,1.72040074630785e-08,0.0175893341010359,-2.80877554201253e-09,2.13681300136377e-06,0.978781136115666,0,0,0,0,0,7.31512117385864
"S4 skewed Cauchy tail",100,"shipped:  w[.05,.95] d[.5,100] s>1e-6",500,266.610408937126,0,0,0.0175896325040615,0,0,0.978775098837923,0,0,0,0,0,7.35591554641724
"S4 skewed Cauchy tail",100,"sigma > 1e-3                         ",500,266.610408943894,0,1.31195534436301e-08,0.0175896325040615,0,1.34029135073184e-06,0.978774372710062,0,0,0,0,0,7.35998916625977
"S4 skewed Cauchy tail",100,"w[.01,.99]                           ",500,266.610408948316,1.13402620627312e-11,2.10288632729316e-08,0.0175896053254917,-2.05324298119258e-08,2.86115902409876e-06,0.978788651183778,0,0,0,0,0,7.49455451965332
"S4 skewed Cauchy tail",400,"d_max=30                             ",500,1071.04296737145,0,0,0.00446641456829487,0,0,0.997062201031663,0,0,0,0,0,19.8323559761047
"S4 skewed Cauchy tail",400,"d_max=500                            ",500,1071.04296737145,0,0,0.00446641456829487,0,0,0.997062201031663,0,0,0,0,0,19.8462476730347
"S4 skewed Cauchy tail",400,"d_min=0.2                            ",500,1071.04296736957,-2.41016095969826e-11,5.74703449274239e-08,0.00446694043704733,4.32987179530692e-10,9.58120697535248e-07,0.997064323484023,0,0,0,0,0,19.9028429985046
"S4 skewed Cauchy tail",400,"shipped:  w[.05,.95] d[.5,100] s>1e-6",500,1071.04296737145,0,0,0.00446641456829487,0,0,0.997062201031663,0,0,0,0,0,19.9062914848328
"S4 skewed Cauchy tail",400,"sigma > 1e-3                         ",500,1071.04296736755,0,2.13986652397578e-08,0.00446665740187743,0,5.66253849959585e-07,0.997063274519501,0,0,0,0,0,19.9120492935181
"S4 skewed Cauchy tail",400,"w[.01,.99]                           ",500,1071.04296734837,-7.27595761418343e-11,5.54579685285716e-08,0.00446655029802877,3.23873439742398e-09,1.10250027825448e-06,0.997062374814305,0,0,0,0,0,20.1233601570129
